,Historical population data,,,,,,,,,,,,,,,,,,,,,,,,,,,,,,,,,,,,,,,
,Measure: Population,,,,,,,,,,,,,,,,,,,,,,,,,,,,,,,,,,,,,,,
,Time horizon: Historical,,,,,,,,,,,,,,,,,,,,,,,,,,,,,,,,,,,,,,,
,Combined unit of measure: Persons,,,,,,,,,,,,,,,,,,,,,,,,,,,,,,,,,,,,,,,
,,,,,,,,,,,,,,,,,,,,,,,,,,,,,,,,,,,,,,,,
,Time period,1985,1986,1987,1988,1989,1990,1991,1992,1993,1994,1995,1996,1997,1998,1999,2000,2001,2002,2003,2004,2005,2006,2007,2008,2009,2010,2011,2012,2013,2014,2015,2016,2017,2018,2019,2020,2021,2022,
,,,,,,,,,,,,,,,,,,,,,,,,,,,,,,,,,,,,,,,,
,Reference area: Australia,,,,,,,,,,,,,,,,,,,,,,,,,,,,,,,,,,,,,,,
,,"15,788,312","16,018,350","16,263,874","16,532,164","16,814,416","17,065,128","17,284,036","17,478,635","17,634,808","17,805,468","18,004,882","18,224,767","18,423,037","18,607,584","18,812,264","19,028,802","19,274,701","19,495,210","19,720,737","19,932,722","20,176,844","20,450,966","20,827,622","21,249,199","21,691,653","22,031,750","22,340,024","22,733,465","23,128,129","23,475,686","23,815,995","24,190,907","24,594,202","24,966,643","25,340,217","25,655,289","25,688,079","25,978,935",
,Reference area: Austria,,,,,,,,,,,,,,,,,,,,,,,,,,,,,,,,,,,,,,,
,,"7,564,984","7,569,794","7,574,586","7,585,317","7,619,566","7,677,850","7,754,891","7,840,709","7,905,632","7,936,118","7,948,278","7,959,016","7,968,041","7,976,789","7,992,323","8,011,566","8,042,293","8,082,121","8,118,245","8,169,441","8,225,278","8,267,948","8,295,189","8,321,541","8,341,483","8,361,069","8,388,534","8,426,311","8,477,230","8,543,932","8,629,519","8,739,806","8,795,073","8,837,707","8,877,637","8,916,845","8,951,520","9,052,856",
,Reference area: Belgium,,,,,,,,,,,,,,,,,,,,,,,,,,,,,,,,,,,,,,,
,,"9,858,309","9,861,824","9,870,234","9,901,665","9,937,697","9,967,378","10,004,486","10,045,165","10,084,479","10,115,601","10,136,814","10,156,641","10,181,246","10,203,012","10,226,419","10,251,251","10,286,571","10,332,786","10,376,131","10,421,136","10,478,620","10,547,956","10,624,835","10,709,108","10,796,498","10,895,591","10,993,609","11,067,748","11,125,033","11,179,778","11,238,474","11,295,003","11,349,081","11,403,740","11,462,023","11,506,938","11,552,615","11,640,788",
,Reference area: Canada,,,,,,,,,,,,,,,,,,,,,,,,,,,,,,,,,,,,,,,
,,"25,842,116","26,100,278","26,446,601","26,791,747","27,276,781","27,691,138","28,037,420","28,371,264","28,684,764","29,000,663","29,302,311","29,610,218","29,905,948","30,155,173","30,401,286","30,685,730","31,020,902","31,360,079","31,644,028","31,940,655","32,243,753","32,571,174","32,889,025","33,247,118","33,628,895","34,004,889","34,339,328","34,714,222","35,082,954","35,437,435","35,702,908","36,109,487","36,545,236","37,065,084","37,601,230","38,007,166","38,226,498","38,929,902",
,Reference area: Chile,,,,,,,,,,,,,,,,,,,,,,,,,,,,,,,,,,,,,,,
,,"12,102,174","12,317,494","12,532,815","12,748,135","12,963,457","13,178,782","13,422,010","13,737,062","13,956,766","14,171,821","14,381,249","14,584,947","14,782,706","14,974,898","15,162,353","15,343,326","15,520,049","15,691,701","15,856,977","16,022,133","16,183,489","16,347,890","16,517,933","16,697,754","16,881,078","17,063,927","17,254,159","17,443,491","17,611,902","17,787,617","17,971,423","18,167,147","18,419,192","18,751,405","19,107,216","19,458,310","19,678,363","19,828,563",
,Reference area: Colombia,,,,,,,,,,,,,,,,,,,,,,,,,,,,,,,,,,,,,,,
,,"30,419,892","30,980,812","31,550,132","32,124,173","32,697,847","33,268,154","33,840,991","34,425,915","35,032,308","35,629,174","36,229,830","36,830,574","37,426,532","38,012,359","38,585,016","39,140,080","39,674,811","40,190,679","40,693,254","41,188,093","41,671,878","42,170,126","42,658,630","43,134,017","43,608,630","44,086,292","44,553,416","45,001,571","45,434,942","45,866,010","46,313,898","46,830,116","47,419,200","48,258,494","49,395,678","50,407,647","51,117,378","51,682,692",
,Reference area: Costa Rica,,,,,,,,,,,,,,,,,,,,,,,,,,,,,,,,,,,,,,,
,,"2,646,142","2,726,063","2,804,079","2,878,888","2,955,335","3,029,336","3,101,536","3,170,537","3,239,868","3,334,223","3,428,278","3,520,866","3,611,224","3,699,939","3,786,841","3,872,349","3,953,393","4,022,431","4,086,405","4,151,823","4,215,248","4,278,656","4,340,390","4,404,090","4,469,337","4,533,894","4,592,149","4,652,459","4,713,168","4,773,130","4,832,234","4,890,379","4,947,490","5,003,402","5,058,007","5,111,238","5,163,038","5,213,374",
,Reference area: Czechia,,,,,,,,,,,,,,,,,,,,,,,,,,,,,,,,,,,,,,,
,,"10,336,742","10,340,737","10,348,834","10,356,359","10,362,257","10,362,740","10,308,682","10,317,807","10,330,607","10,336,162","10,330,759","10,315,353","10,303,642","10,294,943","10,282,784","10,272,503","10,224,192","10,200,774","10,201,651","10,206,923","10,234,092","10,266,646","10,322,689","10,429,692","10,491,492","10,517,247","10,496,672","10,509,286","10,510,719","10,524,783","10,542,942","10,565,284","10,589,526","10,626,430","10,669,324","10,700,155","10,500,850","10,759,525",
,Reference area: Denmark,,,,,,,,,,,,,,,,,,,,,,,,,,,,,,,,,,,,,,,
,,"5,113,691","5,120,534","5,127,024","5,129,517","5,132,594","5,140,939","5,154,298","5,171,370","5,189,377","5,204,994","5,227,861","5,261,503","5,284,220","5,301,304","5,319,111","5,337,344","5,355,082","5,374,255","5,387,174","5,401,177","5,415,978","5,434,567","5,457,415","5,489,022","5,519,441","5,543,819","5,566,856","5,587,085","5,608,784","5,639,719","5,678,348","5,724,456","5,760,694","5,789,957","5,814,461","5,825,337","5,850,189","5,910,577",
,Reference area: Estonia,,,,,,,,,,,,,,,,,,,,,,,,,,,,,,,,,,,,,,,
,,"1,528,781","1,540,190","1,552,221","1,561,900","1,568,131","1,569,174","1,561,314","1,533,091","1,494,128","1,462,514","1,436,634","1,415,594","1,399,535","1,386,156","1,375,654","1,396,985","1,388,115","1,379,350","1,370,720","1,362,550","1,354,775","1,346,810","1,340,680","1,337,090","1,334,515","1,331,475","1,327,439","1,322,696","1,317,997","1,314,545","1,314,608","1,315,790","1,317,384","1,321,977","1,326,855","1,329,479","1,330,932","1,348,840",
,Reference area: Finland,,,,,,,,,,,,,,,,,,,,,,,,,,,,,,,,,,,,,,,
,,"4,902,202","4,918,150","4,932,123","4,946,487","4,964,370","4,986,433","5,013,737","5,041,990","5,066,452","5,088,324","5,107,787","5,124,573","5,139,839","5,153,499","5,165,470","5,176,203","5,188,005","5,200,598","5,213,010","5,228,173","5,246,100","5,266,266","5,288,719","5,313,398","5,338,867","5,363,341","5,388,272","5,413,967","5,438,975","5,461,507","5,479,528","5,495,297","5,508,209","5,515,525","5,521,605","5,529,545","5,541,020","5,556,108",
,Reference area: France,,,,,,,,,,,,,,,,,,,,,,,,,,,,,,,,,,,,,,,
,,"55,284,271","55,546,504","55,823,956","56,117,974","56,423,411","56,708,826","58,425,681","58,711,615","58,961,049","59,175,335","59,383,991","59,589,289","59,795,263","60,011,008","60,315,406","60,724,780","61,163,237","61,604,550","62,037,544","62,490,800","62,958,328","63,393,406","63,781,275","64,133,174","64,458,715","64,773,169","65,087,317","65,402,998","65,735,961","66,276,671","66,512,558","66,688,563","66,883,314","67,125,071","67,349,922","67,538,482","67,738,863","67,942,590",
,Reference area: Germany,,,,,,,,,,,,,,,,,,,,,,,,,,,,,,,,,,,,,,,
,,"77,684,878","77,720,438","77,839,920","78,144,617","78,751,284","79,433,034","80,013,901","80,624,601","81,156,368","81,438,346","81,678,046","81,914,834","82,034,775","82,047,197","82,100,243","82,211,501","82,349,926","82,488,493","82,534,175","82,516,268","82,469,421","82,376,447","82,266,373","82,110,097","81,902,308","81,776,936","80,274,981","80,425,826","80,645,605","80,982,495","81,686,608","82,348,669","82,657,000","82,905,788","83,092,956","83,160,877","83,196,076","83,797,987",
,Reference area: Greece,,,,,,,,,,,,,,,,,,,,,,,,,,,,,,,,,,,,,,,
,,"9,934,294","9,967,264","10,000,644","10,037,037","10,089,550","10,196,801","10,319,928","10,399,058","10,460,409","10,512,924","10,562,160","10,608,801","10,661,264","10,720,507","10,761,698","10,805,806","10,862,129","10,902,022","10,928,072","10,955,142","10,987,316","11,020,366","11,048,466","11,077,839","11,107,017","11,121,344","11,104,900","11,045,010","10,965,209","10,892,415","10,820,883","10,775,966","10,754,679","10,732,877","10,721,584","10,698,597","10,569,211","10,361,270",
,Reference area: Hungary,,,,,,,,,,,,,,,,,,,,,,,,,,,,,,,,,,,,,,,
,,"10,648,715","10,630,565","10,612,743","10,596,489","10,481,717","10,373,987","10,373,398","10,369,339","10,357,518","10,343,359","10,328,967","10,311,235","10,290,475","10,266,571","10,237,527","10,210,965","10,187,578","10,158,610","10,129,554","10,107,140","10,087,064","10,071,374","10,055,778","10,038,186","10,022,647","10,000,020","9,958,824","9,920,364","9,893,083","9,866,466","9,843,025","9,814,026","9,787,969","9,775,566","9,771,142","9,750,153","9,709,893","9,643,048",
,Reference area: Iceland,,,,,,,,,,,,,,,,,,,,,,,,,,,,,,,,,,,,,,,
,,"241,409","243,187","245,864","249,734","252,851","254,820","257,795","261,053","263,730","266,021","267,467","268,918","271,130","274,049","277,384","281,200","284,970","287,516","289,522","292,077","296,734","303,784","311,567","317,404","318,501","318,044","319,011","320,723","323,763","327,379","330,818","335,435","343,399","352,722","360,558","366,462","372,523","382,005",
,Reference area: Ireland,,,,,,,,,,,,,,,,,,,,,,,,,,,,,,,,,,,,,,,
,,"3,540,000","3,540,600","3,546,500","3,530,700","3,509,500","3,505,800","3,525,700","3,554,500","3,574,100","3,585,900","3,601,300","3,626,087","3,664,313","3,703,082","3,741,647","3,789,536","3,847,198","3,917,203","3,979,853","4,045,188","4,133,839","4,232,929","4,375,842","4,485,070","4,533,395","4,554,763","4,574,888","4,593,697","4,614,669","4,645,440","4,687,787","4,739,597","4,792,490","4,857,015","4,921,496","4,977,443","5,011,460","5,100,229",
,Reference area: Israel,,,,,,,,,,,,,,,,,,,,,,,,,,,,,,,,,,,,,,,
,,"4,233,000","4,298,800","4,368,900","4,441,700","4,518,200","4,660,200","4,949,100","5,123,500","5,261,400","5,399,300","5,544,900","5,685,100","5,828,900","5,970,700","6,125,300","6,289,200","6,439,037","6,569,957","6,689,748","6,808,969","6,930,128","7,053,707","7,180,160","7,331,353","7,485,565","7,623,561","7,765,832","7,910,525","8,059,456","8,215,668","8,380,149","8,546,009","8,713,268","8,882,764","9,054,026","9,215,113","9,371,400","9,528,600",
,Reference area: Italy,,,,,,,,,,,,,,,,,,,,,,,,,,,,,,,,,,,,,,,
,,"56,593,070","56,596,157","56,601,936","56,629,290","56,671,778","56,719,239","56,758,522","56,797,078","56,831,823","56,843,400","56,844,301","56,860,279","56,890,371","56,906,744","56,916,316","56,942,108","56,976,976","57,089,823","57,399,187","57,828,178","58,166,684","58,399,863","58,756,247","59,211,183","59,555,456","59,819,402","60,026,844","60,191,243","60,311,616","60,320,708","60,229,599","60,115,220","60,002,254","59,877,216","59,729,077","59,438,845","59,133,173","58,940,424",
,Reference area: Japan,,,,,,,,,,,,,,,,,,,,,,,,,,,,,,,,,,,,,,,
,,"121,048,923","121,660,000","122,239,000","122,745,000","123,205,000","123,611,167","124,101,000","124,567,000","124,938,000","125,265,000","125,570,246","125,864,000","126,166,000","126,486,000","126,686,000","126,925,843","127,291,000","127,435,000","127,619,000","127,687,000","127,767,994","127,900,515","128,032,743","128,083,960","128,031,514","128,057,352","127,834,233","127,592,657","127,413,888","127,237,150","127,094,745","127,041,812","126,918,546","126,748,506","126,555,078","126,146,099","125,502,290","124,946,789",
,Reference area: Korea,,,,,,,,,,,,,,,,,,,,,,,,,,,,,,,,,,,,,,,
,,"40,805,744","41,213,674","41,621,690","42,031,247","42,449,038","42,869,283","43,295,704","43,747,962","44,194,628","44,641,540","45,092,991","45,524,681","45,953,580","46,286,503","46,616,677","47,008,111","47,370,164","47,644,736","47,892,330","48,082,519","48,184,561","48,438,292","48,683,638","49,054,708","49,307,835","49,554,112","49,936,638","50,199,853","50,428,893","50,746,659","51,014,947","51,217,803","51,361,911","51,585,058","51,764,822","51,836,239","51,744,876","51,628,117",
,Reference area: Latvia,,,,,,,,,,,,,,,,,,,,,,,,,,,,,,,,,,,,,,,
,,"2,578,873","2,599,892","2,626,583","2,653,434","2,666,955","2,663,146","2,650,581","2,614,338","2,563,289","2,520,742","2,485,054","2,457,226","2,432,851","2,410,027","2,390,477","2,367,549","2,337,172","2,310,176","2,287,955","2,263,123","2,238,799","2,218,351","2,200,325","2,177,324","2,141,668","2,097,553","2,059,710","2,034,324","2,012,647","1,993,785","1,977,523","1,959,535","1,942,247","1,927,170","1,913,826","1,900,448","1,884,488","1,879,374",
,Reference area: Lithuania,,,,,,,,,,,,,,,,,,,,,,,,,,,,,,,,,,,,,,,
,,"3,544,543","3,578,914","3,616,367","3,655,049","3,684,255","3,697,838","3,704,134","3,700,114","3,682,613","3,657,144","3,629,102","3,601,613","3,575,137","3,549,331","3,524,237","3,499,534","3,470,818","3,443,067","3,415,213","3,377,075","3,322,528","3,269,909","3,231,294","3,198,231","3,162,916","3,097,282","3,028,115","2,987,773","2,957,689","2,932,367","2,904,910","2,868,231","2,828,403","2,801,543","2,794,137","2,794,885","2,808,380","2,833,000",
,Reference area: Luxembourg,,,,,,,,,,,,,,,,,,,,,,,,,,,,,,,,,,,,,,,
,,"366,707","368,354","370,751","373,450","377,095","381,857","386,999","392,171","397,481","402,921","408,625","414,228","419,440","424,699","430,475","436,303","441,522","446,166","451,626","458,098","465,152","472,641","479,992","488,647","497,783","506,953","518,351","530,952","543,358","556,322","569,605","583,459","596,337","607,950","620,003","630,413","640,064","653,108",
,Reference area: Mexico,,,,,,,,,,,,,,,,,,,,,,,,,,,,,,,,,,,,,,,
,,"76,030,535","77,689,757","79,339,498","80,970,606","82,579,032","84,169,571","85,748,742","87,312,337","88,850,856","90,362,709","91,843,905","93,294,783","94,720,541","96,116,960","97,482,584","98,785,275","100,105,299","101,493,987","102,890,474","104,272,444","105,669,369","107,155,391","108,744,845","110,405,454","112,095,388","113,748,671","115,367,452","116,935,670","118,453,929","119,936,411","121,347,800","122,715,165","124,041,731","125,327,797","126,577,691","127,792,286","128,972,439","130,118,356",
,Reference area: Netherlands,,,,,,,,,,,,,,,,,,,,,,,,,,,,,,,,,,,,,,,
,,"14,491,629","14,572,280","14,665,037","14,760,092","14,848,906","14,951,510","15,069,799","15,184,163","15,290,368","15,382,834","15,459,004","15,530,500","15,610,650","15,707,205","15,812,085","15,925,505","16,046,182","16,148,921","16,225,303","16,281,777","16,319,871","16,346,096","16,381,696","16,445,590","16,530,387","16,615,390","16,693,074","16,754,963","16,804,430","16,865,008","16,939,925","17,030,314","17,131,295","17,231,622","17,344,876","17,441,500","17,533,048","17,703,092",
,Reference area: New Zealand,,,,,,,,,,,,,,,,,,,,,,,,,,,,,,,,,,,,,,,
,,"3,298,050","3,308,310","3,327,785","3,343,680","3,357,535","3,390,085","3,495,100","3,531,700","3,572,200","3,620,000","3,673,400","3,732,000","3,781,300","3,815,000","3,835,100","3,857,700","3,880,500","3,948,500","4,027,200","4,087,500","4,133,900","4,184,600","4,223,800","4,259,800","4,302,600","4,350,700","4,384,000","4,408,100","4,442,100","4,516,500","4,609,400","4,714,100","4,813,600","4,900,600","4,979,200","5,090,200","5,111,400","5,124,100",
,Reference area: Norway,,,,,,,,,,,,,,,,,,,,,,,,,,,,,,,,,,,,,,,
,,"4,152,518","4,167,357","4,186,905","4,209,489","4,226,909","4,241,476","4,261,738","4,286,397","4,311,984","4,336,614","4,359,187","4,381,339","4,405,158","4,431,465","4,461,915","4,490,973","4,513,747","4,538,157","4,564,856","4,591,909","4,623,293","4,660,673","4,709,156","4,768,215","4,828,716","4,889,253","4,953,089","5,018,574","5,080,171","5,137,427","5,189,898","5,236,152","5,276,965","5,311,916","5,347,893","5,379,472","5,408,320","5,457,129",
,Reference area: Poland,,,,,,,,,,,,,,,,,,,,,,,,,,,,,,,,,,,,,,,
,,"37,202,981","37,455,681","37,663,756","37,862,063","37,962,808","38,030,500","38,108,500","38,173,500","38,221,000","38,252,000","38,274,500","38,289,000","38,292,000","38,283,500","38,270,000","38,258,478","38,248,076","38,232,301","38,195,177","38,180,249","38,161,313","38,132,277","38,115,967","38,115,909","38,153,389","38,516,689","38,525,670","38,533,789","38,502,396","38,483,957","38,454,576","38,426,809","38,422,346","38,413,139","38,386,476","38,354,173","38,162,224","37,827,355",
,Reference area: Portugal,,,,,,,,,,,,,,,,,,,,,,,,,,,,,,,,,,,,,,,
,,"10,023,613","10,032,734","10,030,031","10,019,610","10,005,000","9,983,218","9,960,235","9,952,494","9,964,675","9,991,525","10,026,176","10,063,945","10,108,977","10,160,196","10,217,828","10,289,898","10,362,722","10,419,631","10,458,821","10,483,861","10,503,330","10,522,288","10,542,964","10,558,177","10,568,247","10,573,100","10,574,536","10,531,420","10,473,991","10,419,607","10,381,838","10,356,516","10,340,124","10,334,633","10,354,446","10,384,846","10,407,707","10,444,242",
,Reference area: Slovak Republic,,,,,,,,,,,,,,,,,,,,,,,,,,,,,,,,,,,,,,,
,,"5,161,789","5,192,789","5,223,609","5,251,120","5,276,186","5,297,774","5,283,404","5,306,539","5,324,632","5,347,413","5,363,676","5,373,793","5,383,233","5,390,866","5,395,324","5,400,679","5,379,780","5,378,809","5,378,950","5,382,574","5,387,285","5,391,184","5,397,766","5,406,972","5,418,374","5,431,024","5,398,384","5,407,579","5,413,393","5,418,649","5,423,801","5,430,798","5,439,232","5,446,771","5,454,147","5,458,827","5,441,991","5,431,752",
,Reference area: Slovenia,,,,,,,,,,,,,,,,,,,,,,,,,,,,,,,,,,,,,,,
,,"1,941,640","1,980,718","1,989,462","1,999,988","1,999,404","1,998,090","2,001,768","1,995,832","1,990,623","1,988,850","1,987,505","1,991,169","1,986,848","1,982,603","1,985,557","1,990,272","1,992,035","1,995,718","1,996,773","1,997,004","2,001,114","2,008,516","2,019,406","2,022,629","2,042,335","2,049,261","2,052,496","2,056,262","2,059,114","2,061,623","2,063,077","2,064,241","2,066,161","2,070,050","2,089,310","2,100,126","2,107,007","2,108,732",
,Reference area: Spain,,,,,,,,,,,,,,,,,,,,,,,,,,,,,,,,,,,,,,,
,,"38,467,025","38,571,941","38,682,322","38,764,307","38,821,377","38,860,827","38,941,622","39,147,940","39,356,082","39,547,353","39,718,895","39,884,246","40,049,974","40,214,066","40,369,667","40,554,387","40,766,049","41,423,520","42,196,231","42,859,172","43,662,613","44,360,521","45,236,004","45,983,169","46,367,550","46,562,483","46,736,257","46,766,403","46,593,236","46,455,123","46,410,149","46,449,874","46,532,869","46,728,814","47,105,358","47,355,685","47,331,302","47,615,034",
,Reference area: Sweden,,,,,,,,,,,,,,,,,,,,,,,,,,,,,,,,,,,,,,,
,,"8,350,378","8,369,824","8,397,797","8,436,483","8,492,959","8,558,834","8,617,376","8,668,065","8,718,558","8,780,741","8,826,944","8,840,999","8,846,059","8,850,975","8,857,879","8,872,112","8,895,963","8,924,960","8,958,232","8,993,534","9,029,567","9,080,506","9,148,093","9,219,639","9,298,512","9,378,131","9,449,216","9,519,379","9,600,374","9,696,105","9,799,183","9,923,086","10,057,695","10,175,215","10,278,888","10,353,444","10,415,812","10,486,941",
,Reference area: Switzerland,,,,,,,,,,,,,,,,,,,,,,,,,,,,,,,,,,,,,,,
,,"6,470,366","6,504,125","6,545,107","6,593,387","6,646,912","6,712,273","6,799,979","6,875,364","6,938,265","6,993,795","7,040,687","7,071,851","7,088,906","7,110,002","7,143,991","7,184,250","7,226,647","7,284,754","7,339,002","7,389,626","7,437,116","7,483,935","7,551,117","7,647,676","7,743,832","7,824,910","7,912,396","7,996,861","8,089,346","8,188,646","8,282,398","8,373,334","8,451,834","8,514,327","8,575,280","8,638,169","8,704,542","8,775,757",
,Reference area: Türkiye,,,,,,,,,,,,,,,,,,,,,,,,,,,,,,,,,,,,,,,
,,"50,307,000","51,480,000","52,370,000","53,268,000","54,192,000","55,120,000","56,055,000","56,986,000","57,913,000","58,837,000","59,756,000","60,671,000","61,582,000","62,464,000","63,364,000","64,268,751","65,166,331","66,002,506","66,794,551","67,598,736","68,435,380","69,295,253","70,158,112","71,051,689","72,039,215","73,142,162","74,223,642","75,175,836","76,147,634","77,181,894","78,218,488","79,277,971","80,312,708","81,407,211","82,579,448","83,384,688","84,147,326","84,979,919",
,Reference area: United Kingdom,,,,,,,,,,,,,,,,,,,,,,,,,,,,,,,,,,,,,,,
,,"56,553,955","56,683,835","56,803,958","56,916,448","57,076,451","57,237,493","57,438,658","57,584,530","57,713,889","57,862,145","58,024,799","58,164,374","58,314,249","58,474,943","58,684,427","58,886,065","59,113,016","59,365,677","59,636,662","59,950,364","60,413,276","60,827,067","61,319,075","61,823,772","62,260,486","62,759,456","63,285,145","63,705,030","64,105,654","64,596,752","65,110,034","65,648,054","66,040,229","66,435,550","66,796,807","67,081,234","67,026,292","67,299,048",
,Reference area: United States,,,,,,,,,,,,,,,,,,,,,,,,,,,,,,,,,,,,,,,
,,"237,923,795","240,132,887","242,288,918","244,498,982","246,819,230","249,622,814","252,980,941","256,514,224","259,918,588","263,125,821","266,278,393","269,394,284","272,646,925","275,854,104","279,040,168","282,162,411","284,968,955","287,625,193","290,107,933","292,805,298","295,516,599","298,379,912","301,231,207","304,093,966","306,771,529","309,327,143","311,583,481","313,877,662","316,059,947","318,386,329","320,738,994","323,071,755","325,122,128","326,838,199","328,329,953","331,511,512","332,031,554","333,287,557",
,Reference area: Argentina,,,,,,,,,,,,,,,,,,,,,,,,,,,,,,,,,,,,,,,
,,"30,305,336","30,757,601","31,214,665","31,673,154","32,129,676","32,580,854","33,028,546","33,475,005","33,917,440","34,353,066","34,779,096","35,195,575","35,604,362","36,005,387","36,398,577","36,783,859","37,156,654","37,537,783","37,927,463","38,325,927","38,733,406","39,127,239","39,529,440","39,940,234","40,359,828","40,788,453","41,261,490","41,733,271","42,202,935","42,669,500","43,131,966","43,590,368","44,044,811","44,494,502","44,938,712","45,376,763","45,808,747","46,234,830",
,Reference area: Brazil,,,,,,,,,,,,,,,,,,,,,,,,,,,,,,,,,,,,,,,
,,"135,979,454","138,662,472","141,282,564","143,851,505","146,393,753","148,935,328","151,467,861","153,973,883","156,454,116","158,910,651","161,345,581","163,767,821","166,187,066","168,606,400","171,029,011","173,765,726","176,208,646","178,499,255","180,708,344","182,865,043","184,991,143","187,061,610","189,038,268","191,010,274","192,980,905","194,890,682","196,603,732","198,314,934","200,004,188","201,717,541","203,475,683","205,156,587","206,804,741","208,494,900","210,147,125","211,755,692","213,317,639","214,828,540",
,Reference area: Bulgaria,,,,,,,,,,,,,,,,,,,,,,,,,,,,,,,,,,,,,,,
,,"8,960,547","8,958,171","8,971,359","8,981,446","8,876,972","8,718,289","8,632,367","8,540,164","8,472,313","8,443,591","8,406,067","8,362,826","8,312,068","8,256,786","8,210,624","8,170,172","8,009,142","7,837,161","7,775,327","7,716,860","7,658,972","7,601,022","7,545,338","7,492,561","7,444,443","7,395,599","7,348,328","7,305,888","7,265,115","7,223,938","7,177,991","7,127,822","7,075,947","7,025,037","6,975,761","6,934,015","6,877,743","6,643,324",
,Reference area: China (People’s Republic of),,,,,,,,,,,,,,,,,,,,,,,,,,,,,,,,,,,,,,,
,,"1,060,239,981","1,077,770,523","1,096,851,843","1,115,889,802","1,134,414,725","1,153,704,253","1,170,626,171","1,183,813,388","1,195,855,556","1,207,286,676","1,218,144,424","1,228,298,839","1,237,801,448","1,246,836,105","1,255,433,238","1,264,099,070","1,272,739,581","1,280,926,119","1,288,873,367","1,296,816,710","1,304,887,560","1,313,086,568","1,321,513,225","1,330,167,153","1,339,125,594","1,348,191,369","1,357,095,477","1,366,560,818","1,376,100,306","1,385,189,667","1,393,715,447","1,401,889,680","1,410,275,957","1,417,069,468","1,421,864,034","1,424,929,783","1,425,893,465","1,425,887,335",
,Reference area: Croatia,,,,,,,,,,,,,,,,,,,,,,,,,,,,,,,,,,,,,,,
,,"4,803,323","4,828,683","4,849,963","4,865,829","4,874,182","4,873,705","4,844,522","4,798,318","4,792,402","4,819,427","4,807,101","4,758,633","4,711,372","4,659,932","4,605,331","4,548,433","4,299,642","4,302,174","4,303,399","4,304,600","4,310,145","4,311,159","4,310,217","4,309,705","4,305,181","4,295,427","4,280,622","4,267,558","4,255,689","4,238,389","4,203,604","4,174,349","4,124,531","4,087,843","4,065,253","4,047,680","3,878,981","3,854,000",
,Reference area: Cyprus,,,,,,,,,,,,,,,,,,,,,,,,,,,,,,,,,,,,,,,
,,"541,502","547,747","553,736","559,639","567,674","579,898","595,105","611,151","626,087","639,170","650,860","661,326","670,764","679,042","686,675","694,020","701,537","709,631","718,305","727,977","738,541","750,964","767,128","786,630","808,038","829,444","850,882","863,945","861,938","852,511","847,662","851,559","859,520","870,071","881,949","892,006","900,357","908,945",
,Reference area: India,,,,,,,,,,,,,,,,,,,,,,,,,,,,,,,,,,,,,,,
,,"780,242,084","797,878,993","815,716,126","833,729,679","852,012,674","870,452,166","888,941,757","907,574,050","926,351,296","945,261,958","964,279,130","983,281,215","1,002,335,230","1,021,434,576","1,040,500,052","1,059,633,677","1,078,970,908","1,098,313,040","1,117,415,124","1,136,264,580","1,154,638,709","1,172,373,786","1,189,691,811","1,206,734,805","1,223,640,159","1,240,613,620","1,257,621,190","1,274,487,217","1,291,132,067","1,307,246,512","1,322,866,502","1,338,636,340","1,354,195,678","1,369,003,306","1,383,112,051","1,396,387,126","1,407,563,842","1,417,173,174",
,Reference area: Indonesia,,,,,,,,,,,,,,,,,,,,,,,,,,,,,,,,,,,,,,,
,,"164,982,452","168,374,287","171,702,756","174,975,953","178,209,147","181,413,398","184,591,897","187,739,786","190,851,184","193,917,458","196,934,257","199,901,231","202,826,444","205,724,597","208,615,171","211,513,822","214,427,419","217,357,790","220,309,473","223,285,666","226,289,468","229,318,262","232,374,239","235,469,755","238,620,554","241,834,226","245,115,988","248,451,714","251,805,314","255,128,076","255,587,900","258,496,500","261,355,500","264,161,600","266,911,900","269,603,400","272,248,500","274,859,100",
,Reference area: Malta,,,,,,,,,,,,,,,,,,,,,,,,,,,,,,,,,,,,,,,
,,"336,452","342,121","344,485","347,325","350,722","354,170","357,727","361,260","364,704","367,941","370,433","372,687","375,236","377,516","379,360","385,808","393,028","395,969","398,582","401,263","403,825","405,311","406,725","409,377","412,474","414,509","416,264","420,033","425,968","434,557","445,056","455,356","468,005","484,634","504,059","515,330","518,538","523,281",
,Reference area: Romania,,,,,,,,,,,,,,,,,,,,,,,,,,,,,,,,,,,,,,,
,,"22,732,997","22,836,836","22,949,427","23,057,660","23,161,460","23,201,832","23,001,160","22,794,284","22,763,283","22,730,216","22,684,268","22,619,005","22,553,982","22,507,354","22,472,043","22,442,973","22,131,974","21,675,775","21,574,365","21,451,845","21,319,673","21,193,749","20,882,980","20,537,848","20,367,437","20,246,798","20,147,657","20,060,182","19,988,694","19,916,451","19,822,250","19,706,424","19,592,933","19,483,840","19,375,835","19,269,469","19,124,061","18,982,743",
,Reference area: Russia,,,,,,,,,,,,,,,,,,,,,,,,,,,,,,,,,,,,,,,
,,"142,957,289","143,995,348","145,032,886","146,013,482","146,863,927","147,969,413","148,394,220","148,538,190","148,458,780","148,407,906","148,375,796","148,160,121","147,915,371","147,670,787","147,214,777","146,596,873","145,976,465","145,306,489","144,565,937","143,821,218","143,113,885","142,487,259","142,114,903","141,956,413","141,909,248","142,389,969","142,960,911","143,201,721","143,506,995","143,819,657","146,406,004","146,674,542","146,842,404","146,830,572","146,764,661","146,459,803","145,864,296","145,245,776",
,Reference area: Saudi Arabia,,,,,,,,,,,,,,,,,,,,,,,,,,,,,,,,,,,,,,,
,,"13,118,998","13,794,167","14,445,663","15,070,082","15,666,289","16,233,786","16,772,695","17,282,686","17,763,297","18,214,475","18,638,790","19,033,843","19,407,138","19,783,301","20,194,531","20,663,840","21,202,646","21,805,322","22,456,645","23,132,686","23,816,175","24,498,313","25,184,589","25,888,535","26,630,303","27,410,508","28,173,195","28,896,840","29,613,064","30,339,795","31,062,069","31,787,580","32,612,641","33,413,660","34,218,169","35,013,414","34,110,821","32,175,224",
,Reference area: Singapore,,,,,,,,,,,,,,,,,,,,,,,,,,,,,,,,,,,,,,,
,,"2,482,615","2,518,598","2,553,864","2,598,458","2,647,627","2,735,868","2,794,704","2,849,754","2,904,547","2,959,350","3,013,515","3,068,132","3,123,403","3,180,018","3,229,681","3,273,363","3,325,902","3,382,944","3,366,891","3,413,266","3,467,814","3,525,894","3,583,082","3,642,659","3,733,876","3,771,721","3,789,251","3,818,205","3,844,751","3,870,739","3,902,690","3,933,559","3,965,796","3,994,283","4,026,209","4,044,210","3,986,842","4,073,239",
,Reference area: South Africa,,,,,,,,,,,,,,,,,,,,,,,,,,,,,,,,,,,,,,,
,,"33,752,966","34,877,831","36,119,334","37,393,854","38,668,683","39,877,571","40,910,960","41,760,754","42,525,439","43,267,984","43,986,086","44,661,605","45,285,047","45,852,167","46,364,679","46,813,268","47,229,716","46,330,165","46,776,083","47,276,543","47,810,182","48,367,901","48,973,857","49,628,089","50,337,363","51,095,503","51,888,897","52,699,253","53,524,385","54,369,436","55,203,738","56,020,148","56,840,036","57,673,251","58,532,857","59,352,940","59,964,917","60,604,992",
,,,,,,,,,,,,,,,,,,,,,,,,,,,,,,,,,,,,,,,,
,© Terms & conditions ,,,,,,,,,,,,,,,,,,,,,,,,,,,,,,,,,,,,,,,Historical population data